Time,Resp_category,Response
wk,,
0,50,36.5
1,50,29.76699029
2,50,25.86893204
3,50,24.45145631
4,50,23.03398058
6,50,21.61650485
12,50,21.97087379
0,75,36.5
1,75,29.79591837
2,75,24.20918367
3,75,20.48469388
4,75,16.76020408
6,75,13.78061224
12,75,14.15306122
0,100,36.5
1,100,20.24509804
2,100,13.03921569
3,100,10.29411765
4,100,7.549019608
6,100,4.460784314
12,100,4.803921569
0,0,36.5
1,0,31.89320388
2,0,32.60194175
3,0,32.24757282
4,0,31.18446602
6,0,31.89320388
12,0,Missing
